Name,Gender
Aaron,male
Aaron,male
Abbey,female
Abbie,female
Abby,female
Abdul,male
Abe,male
Abel,male
Abigail,female
Abraham,male
Abram,male
Ada,male
Adah,male
Adalberto,male
Adaline,female
Adam,male
Adam,male
Adan,male
Addie,female
Adela,female
Adelaida,female
Adelaide,male
Adele,female
Adelia,female
Adelina,female
Adeline,female
Adell,male
Adella,female
Adelle,male
Adena,female
Adina,female
Adolfo,male
Adolph,male
Adria,female
Adrian,male
Adrian,male
Adriana,female
Adriane,male
Adrianna,female
Adrianne,male
Adrien,male
Adriene,female
Adrienne,female
Afton,male
Agatha,female
Agnes,female
Agnus,female
Agripina,female
Agueda,female
Agustin,male
Agustina,female
Ahmad,male
Ahmed,male
Ai,female
Aida,female
Aide,male
Aiko,male
Aileen,female
Ailene,female
Aimee,female
Aisha,female
Aja,female
Akiko,male
Akilah,female
Al,male
Alaina,female
Alaine,female
Alan,male
Alana,female
Alane,male
Alanna,female
Alayna,female
Alba,female
Albert,male
Albert,male
Alberta,female
Albertha,female
Albertina,female
Albertine,male
Alberto,male
Albina,female
Alda,female
Alden,male
Aldo,male
Alease,female
Alec,male
Alecia,female
Aleen,female
Aleida,female
Aleisha,female
Alejandra,female
Alejandrina,female
Alejandro,male
Alena,female
Alene,female
Alesha,female
Aleshia,female
Alesia,female
Alessandra,female
Aleta,female
Aletha,female
Alethea,female
Alethia,female
Alex,male
Alex,male
Alexa,female
Alexander,male
Alexander,male
Alexandra,female
Alexandria,female
Alexia,female
Alexis,female
Alexis,female
Alfonso,male
Alfonzo,male
Alfred,male
Alfreda,female
Alfredia,female
Alfredo,male
Ali,male
Ali,male
Alia,female
Alica,female
Alice,female
Alicia,female
Alida,female
Alina,female
Aline,female
Alisa,female
Alise,female
Alisha,female
Alishia,female
Alisia,female
Alison,female
Alissa,female
Alita,female
Alix,male
Aliza,female
Alla,male
Allan,male
Alleen,female
Allegra,female
Allen,male
Allen,male
Allena,female
Allene,female
Allie,female
Alline,female
Allison,female
Allyn,female
Allyson,female
Alma,female
Almeda,female
Almeta,female
Alona,female
Alonso,male
Alonzo,male
Alpha,female
Alphonse,female
Alphonso,male
Alta,female
Altagracia,female
Altha,female
Althea,female
Alton,male
Alva,female
Alva,female
Alvaro,male
Alvera,female
Alverta,female
Alvin,male
Alvina,female
Alyce,female
Alycia,female
Alysa,female
Alyse,female
Alysha,female
Alysia,female
Alyson,female
Alyssa,female
Amada,female
Amado,male
Amal,male
Amalia,female
Amanda,female
Amber,female
Amberly,female
Ambrose,female
Amee,female
Amelia,female
America,female
Ami,female
Amie,female
Amiee,female
Amina,female
Amira,female
Ammie,female
Amos,male
Amparo,male
Amy,female
An,female
Ana,female
Anabel,female
Analisa,female
Anamaria,female
Anastacia,female
Anastasia,female
Andera,female
Anderson,male
Andra,female
Andre,male
Andre,male
Andrea,female
Andrea,female
Andreas,male
Andree,female
Andres,male
Andrew,male
Andrew,male
Andria,female
Andy,male
Anette,female
Angel,male
Angel,female
Angela,female
Angele,male
Angelena,female
Angeles,male
Angelia,female
Angelic,male
Angelica,female
Angelika,female
Angelina,female
Angeline,female
Angelique,female
Angelita,female
Angella,female
Angelo,male
Angelo,male
Angelyn,female
Angie,female
Angila,female
Angla,female
Angle,female
Anglea,female
Anh,female
Anibal,male
Anika,female
Anisa,female
Anisha,female
Anissa,female
Anita,female
Anitra,female
Anja,female
Anjanette,female
Anjelica,female
Ann,female
Anna,female
Annabel,female
Annabell,female
Annabelle,female
Annalee,female
Annalisa,female
Annamae,female
Annamaria,female
Annamarie,female
Anne,female
Anneliese,female
Annelle,female
Annemarie,female
Annett,female
Annetta,female
Annette,female
Annice,female
Annie,female
Annika,female
Annis,male
Annita,female
Annmarie,female
Anthony,male
Anthony,male
Antione,male
Antionette,female
Antoine,male
Antoinette,female
Anton,male
Antone,male
Antonetta,female
Antonette,female
Antonia,female
Antonia,female
Antonietta,female
Antonina,female
Antonio,male
Antonio,male
Antony,male
Antwan,male
Anya,female
Apolonia,female
April,female
Apryl,female
Ara,female
Araceli,female
Aracelis,male
Aracely,female
Arcelia,female
Archie,female
Ardath,female
Ardelia,female
Ardell,female
Ardella,female
Ardelle,female
Arden,male
Ardis,male
Ardith,female
Aretha,female
Argelia,female
Argentina,female
Ariana,female
Ariane,female
Arianna,female
Arianne,female
Arica,female
Arie,female
Ariel,female
Ariel,female
Arielle,female
Arla,female
Arlean,female
Arleen,female
Arlen,male
Arlena,female
Arlene,female
Arletha,female
Arletta,female
Arlette,female
Arlie,female
Arlinda,female
Arline,female
Arlyne,female
Armand,male
Armanda,female
Armandina,female
Armando,male
Armida,female
Arminda,female
Arnetta,female
Arnette,female
Arnita,female
Arnold,male
Arnoldo,male
Arnulfo,male
Aron,male
Arron,male
Art,male
Arthur,male
Arthur,male
Artie,female
Arturo,male
Arvilla,female
Asa,female
Asha,female
Ashanti,female
Ashely,female
Ashlea,female
Ashlee,female
Ashleigh,female
Ashley,female
Ashley,female
Ashli,female
Ashlie,female
Ashly,female
Ashlyn,female
Ashton,male
Asia,female
Asley,female
Assunta,female
Astrid,female
Asuncion,female
Athena,female
Aubrey,female
Aubrey,female
Audie,female
Audra,female
Audrea,female
Audrey,female
Audria,female
Audrie,female
Audry,female
August,male
Augusta,female
Augustina,female
Augustine,male
Augustine,male
Augustus,male
Aundrea,female
Aura,female
Aurea,female
Aurelia,female
Aurelio,female
Aurora,female
Aurore,female
Austin,male
Austin,male
Autumn,female
Ava,female
Avelina,female
Avery,female
Avery,female
Avis,female
Avril,female
Awilda,female
Ayako,female
Ayana,female
Ayanna,female
Ayesha,female
Azalee,female
Azucena,female
Azzie,female
Babara,female
Babette,female
Bailey,female
Bambi,female
Bao,male
Barabara,female
Barb,female
Barbar,male
Barbara,female
Barbera,female
Barbie,female
Barbra,female
Bari,male
Barney,female
Barrett,female
Barrie,female
Barry,female
Bart,male
Barton,male
Basil,male
Basilia,female
Bea,female
Beata,female
Beatrice,female
Beatris,female
Beatriz,female
Beau,male
Beaulah,female
Bebe,female
Becki,female
Beckie,female
Becky,female
Bee,female
Belen,male
Belia,female
Belinda,female
Belkis,male
Bell,female
Bella,female
Belle,female
Belva,female
Ben,male
Benedict,male
Benita,female
Benito,male
Benjamin,male
Bennett,male
Bennie,female
Bennie,female
Benny,male
Benton,male
Berenice,female
Berna,female
Bernadette,female
Bernadine,female
Bernard,male
Bernarda,female
Bernardina,female
Bernardine,female
Bernardo,male
Berneice,female
Bernetta,female
Bernice,male
Bernie,female
Bernie,male
Berniece,female
Bernita,female
Berry,male
Berry,male
Bert,male
Berta,female
Bertha,female
Bertie,female
Bertram,male
Beryl,female
Bess,female
Bessie,female
Beth,female
Bethanie,female
Bethann,female
Bethany,female
Bethel,male
Betsey,female
Betsy,female
Bette,female
Bettie,female
Bettina,female
Betty,female
Bettyann,female
Bettye,female
Beula,female
Beulah,female
Bev,female
Beverlee,female
Beverley,female
Beverly,female
Bianca,female
Bibi,female
Bill,male
Billi,female
Billie,female
Billie,female
Billy,male
Billy,male
Billye,female
Birdie,female
Birgit,female
Blaine,male
Blair,female
Blair,male
Blake,male
Blake,male
Blanca,female
Blanch,female
Blanche,female
Blondell,male
Blossom,female
Blythe,female
Bo,male
Bob,male
Bobbi,female
Bobbie,female
Bobbie,male
Bobby,male
Bobby,male
Bobbye,female
Bobette,female
Bok,male
Bong,male
Bonita,female
Bonnie,female
Bonny,female
Booker,male
Boris,male
Boyce,male
Boyd,male
Brad,male
Bradford,male
Bradley,male
Bradly,male
Brady,male
Brain,male
Branda,female
Brande,female
Brandee,female
Branden,female
Brandi,female
Brandie,female
Brandon,male
Brandon,male
Brandy,female
Brant,male
Breana,female
Breann,female
Breanna,female
Breanne,female
Bree,male
Brenda,female
Brendan,female
Brendon,female
Brenna,female
Brent,male
Brenton,male
Bret,male
Brett,male
Brett,male
Brian,male
Brian,male
Briana,female
Brianna,female
Brianne,female
Brice,male
Bridget,female
Bridgett,female
Bridgette,female
Brigette,female
Brigid,female
Brigida,female
Brigitte,female
Brinda,female
Britany,female
Britney,female
Britni,female
Britt,male
Britt,male
Britta,female
Brittaney,female
Brittani,female
Brittanie,female
Brittany,female
Britteny,female
Brittney,female
Brittni,female
Brittny,female
Brock,male
Broderick,male
Bronwyn,male
Brook,female
Brooke,female
Brooks,male
Bruce,male
Bruna,female
Brunilda,female
Bruno,male
Bryan,male
Bryanna,female
Bryant,male
Bryce,male
Brynn,male
Bryon,male
Buck,male
Bud,male
Buddy,male
Buena,female
Buffy,female
Buford,male
Bula,female
Bulah,female
Bunny,female
Burl,male
Burma,female
Burt,male
Burton,male
Buster,male
Byron,male
Caitlin,female
Caitlyn,female
Calandra,female
Caleb,male
Calista,female
Callie,female
Calvin,male
Camelia,female
Camellia,female
Cameron,male
Cameron,male
Cami,female
Camie,female
Camila,female
Camilla,female
Camille,female
Cammie,female
Cammy,female
Candace,female
Candance,female
Candelaria,female
Candi,female
Candice,female
Candida,female
Candie,female
Candis,male
Candra,female
Candy,female
Candyce,male
Caprice,female
Cara,female
Caren,female
Carey,female
Carey,female
Cari,female
Caridad,male
Carie,female
Carin,female
Carina,female
Carisa,female
Carissa,female
Carita,female
Carl,male
Carl,male
Carla,female
Carlee,female
Carleen,female
Carlena,female
Carlene,female
Carletta,female
Carley,male
Carli,female
Carlie,female
Carline,female
Carlita,female
Carlo,male
Carlos,male
Carlos,male
Carlota,female
Carlotta,female
Carlton,male
Carly,female
Carlyn,female
Carma,female
Carman,male
Carmel,male
Carmela,female
Carmelia,female
Carmelina,female
Carmelita,female
Carmella,female
Carmelo,male
Carmen,male
Carmen,female
Carmina,female
Carmine,female
Carmon,male
Carol,female
Carol,female
Carola,female
Carolann,female
Carole,female
Carolee,female
Carolin,female
Carolina,female
Caroline,female
Caroll,female
Carolyn,female
Carolyne,female
Carolynn,female
Caron,male
Caroyln,female
Carri,female
Carrie,female
Carrol,female
Carrol,female
Carroll,female
Carroll,female
Carry,male
Carson,male
Carter,male
Cary,male
Cary,male
Caryl,female
Carylon,male
Caryn,female
Casandra,female
Casey,male
Casey,female
Casie,female
Casimira,female
Cassandra,female
Cassaundra,female
Cassey,female
Cassi,female
Cassidy,male
Cassie,female
Cassondra,female
Cassy,female
Catalina,female
Catarina,female
Caterina,female
Catharine,female
Catherin,female
Catherina,female
Catherine,female
Cathern,female
Catheryn,female
Cathey,female
Cathi,female
Cathie,female
Cathleen,female
Cathrine,female
Cathryn,female
Cathy,female
Catina,female
Catrice,female
Catrina,female
Cayla,female
Cecelia,female
Cecil,male
Cecil,male
Cecila,female
Cecile,female
Cecilia,female
Cecille,female
Cecily,female
Cedric,male
Cedrick,male
Celena,female
Celesta,female
Celeste,female
Celestina,female
Celestine,female
Celia,female
Celina,female
Celinda,female
Celine,female
Celsa,female
Ceola,female
Cesar,male
Chad,male
Chadwick,male
Chae,female
Chan,male
Chana,female
Chance,male
Chanda,female
Chandra,female
Chanel,female
Chanell,female
Chanelle,female
Chang,male
Chang,male
Chantal,female
Chantay,female
Chante,female
Chantel,male
Chantell,female
Chantelle,female
Chara,female
Charis,male
Charise,female
Charissa,female
Charisse,female
Charita,female
Charity,female
Charla,female
Charleen,female
Charlena,female
Charlene,female
Charles,male
Charles,male
Charlesetta,female
Charlette,female
Charley,male
Charlie,male
Charlie,female
Charline,female
Charlott,female
Charlotte,female
Charlsie,female
Charlyn,female
Charmain,male
Charmaine,male
Charolette,female
Chas,male
Chase,male
Chasidy,female
Chasity,female
Chassidy,female
Chastity,female
Chau,male
Chauncey,male
Chaya,female
Chelsea,female
Chelsey,female
Chelsie,female
Cher,female
Chere,female
Cheree,female
Cherelle,female
Cheri,female
Cherie,female
Cherilyn,female
Cherise,female
Cherish,female
Cherly,female
Cherlyn,female
Cherri,female
Cherrie,female
Cherry,female
Cherryl,female
Chery,female
Cheryl,female
Cheryle,female
Cheryll,female
Chester,male
Chet,male
Cheyenne,female
Chi,male
Chi,female
Chia,female
Chieko,female
Chin,male
China,female
Ching,female
Chiquita,female
Chloe,female
Chong,male
Chong,male
Chris,male
Chris,female
Chrissy,female
Christa,female
Christal,female
Christeen,female
Christel,female
Christen,female
Christena,female
Christene,female
Christi,female
Christia,female
Christian,male
Christian,male
Christiana,female
Christiane,female
Christie,female
Christin,female
Christina,female
Christine,female
Christinia,female
Christoper,male
Christopher,male
Christopher,male
Christy,female
Chrystal,female
Chu,male
Chuck,male
Chun,male
Chung,male
Chung,male
Ciara,female
Cicely,female
Ciera,female
Cierra,female
Cinda,female
Cinderella,female
Cindi,female
Cindie,female
Cindy,female
Cinthia,female
Cira,female
Clair,female
Clair,female
Claire,female
Clara,female
Clare,female
Clarence,male
Clarence,male
Claretha,female
Claretta,female
Claribel,female
Clarice,female
Clarinda,female
Clarine,female
Claris,female
Clarisa,female
Clarissa,female
Clarita,female
Clark,male
Classie,female
Claud,male
Claude,male
Claude,male
Claudette,female
Claudia,female
Claudie,female
Claudine,female
Claudio,male
Clay,male
Clayton,male
Clelia,female
Clemencia,female
Clement,female
Clemente,female
Clementina,female
Clementine,female
Clemmie,female
Cleo,male
Cleo,female
Cleopatra,female
Cleora,female
Cleotilde,female
Cleta,female
Cletus,male
Cleveland,male
Cliff,male
Clifford,male
Clifton,male
Clint,male
Clinton,male
Clora,female
Clorinda,female
Clotilde,female
Clyde,male
Clyde,male
Codi,female
Cody,male
Cody,female
Colby,male
Colby,female
Cole,male
Coleen,female
Coleman,male
Colene,female
Coletta,female
Colette,female
Colin,male
Colleen,female
Collen,male
Collene,female
Collette,female
Collin,male
Colton,male
Columbus,male
Concepcion,female
Conception,female
Concetta,female
Concha,female
Conchita,female
Connie,female
Connie,female
Conrad,male
Constance,female
Consuela,female
Consuelo,female
Contessa,female
Cora,female
Coral,female
Coralee,female
Coralie,female
Corazon,female
Cordelia,female
Cordell,male
Cordia,female
Cordie,female
Coreen,female
Corene,female
Coretta,female
Corey,male
Corey,male
Cori,female
Corie,female
Corina,female
Corine,female
Corinna,female
Corinne,female
Corliss,female
Cornelia,female
Cornelius,male
Cornell,male
Corrie,female
Corrin,male
Corrina,female
Corrine,female
Corrinne,female
Cortez,male
Cortney,female
Cory,male
Cory,male
Courtney,female
Courtney,female
Coy,male
Craig,male
Creola,female
Cris,male
Criselda,female
Crissy,female
Crista,female
Cristal,female
Cristen,female
Cristi,female
Cristie,female
Cristin,female
Cristina,female
Cristine,female
Cristobal,female
Cristopher,male
Cristy,female
Cruz,male
Cruz,male
Crysta,female
Crystal,female
Crystle,female
Cuc,female
Curt,male
Curtis,male
Curtis,male
Cyndi,female
Cyndy,female
Cynthia,female
Cyril,female
Cyrstal,female
Cyrus,female
Cythia,female
Dacia,female
Dagmar,male
Dagny,female
Dahlia,female
Daina,female
Daine,female
Daisey,female
Daisy,female
Dakota,female
Dale,male
Dale,male
Dalene,female
Dalia,female
Dalila,female
Dallas,male
Dallas,male
Dalton,male
Damaris,male
Damian,male
Damien,male
Damion,male
Damon,male
Dan,male
Dan,male
Dana,female
Dana,female
Danae,female
Dane,female
Danelle,female
Danette,female
Dani,female
Dania,female
Danial,male
Danica,female
Daniel,male
Daniel,female
Daniela,female
Daniele,female
Daniell,male
Daniella,female
Danielle,female
Danika,female
Danille,male
Danilo,male
Danita,female
Dann,male
Danna,female
Dannette,female
Dannie,male
Dannie,female
Dannielle,female
Danny,male
Dante,female
Danuta,female
Danyel,female
Danyell,female
Danyelle,female
Daphine,female
Daphne,female
Dara,female
Darby,female
Darcel,male
Darcey,female
Darci,female
Darcie,female
Darcy,female
Darell,male
Daren,male
Daria,female
Darin,male
Dario,male
Darius,male
Darla,female
Darleen,female
Darlena,female
Darlene,female
Darline,female
Darnell,male
Darnell,male
Daron,male
Darrel,male
Darrell,male
Darren,male
Darrick,male
Darrin,male
Darron,male
Darryl,male
Darwin,male
Daryl,male
Daryl,male
Dave,male
David,male
David,male
Davida,female
Davina,female
Davis,male
Dawn,female
Dawna,female
Dawne,male
Dayle,male
Dayna,female
Daysi,female
Deadra,female
Dean,male
Dean,male
Deana,female
Deandra,female
Deandre,female
Deandrea,female
Deane,male
Deangelo,male
Deann,male
Deanna,female
Deanne,female
Deb,female
Debbi,female
Debbie,female
Debbra,female
Debby,female
Debera,female
Debi,female
Debora,female
Deborah,female
Debra,female
Debrah,female
Debroah,female
Dede,female
Dedra,female
Dee,male
Dee,female
Deeann,female
Deeanna,female
Deedee,female
Deedra,female
Deena,female
Deetta,female
Deidra,female
Deidre,female
Deirdre,female
Deja,female
Del,male
Delaine,male
Delana,female
Delbert,male
Delcie,female
Delena,female
Delfina,female
Delia,female
Delicia,female
Delila,female
Delilah,female
Delinda,female
Delisa,female
Dell,male
Della,female
Delma,female
Delmar,male
Delmer,male
Delmy,female
Delois,male
Deloise,female
Delora,female
Deloras,female
Delores,female
Deloris,female
Delorse,female
Delpha,female
Delphia,female
Delphine,female
Delsie,female
Delta,female
Demarcus,male
Demetra,female
Demetria,female
Demetrice,female
Demetrius,male
Demetrius,male
Dena,female
Denae,female
Deneen,male
Denese,female
Denice,female
Denis,male
Denise,female
Denisha,female
Denisse,female
Denita,female
Denna,female
Dennis,male
Dennis,male
Dennise,female
Denny,male
Denny,male
Denver,male
Denyse,female
Deon,male
Deon,male
Deonna,female
Derek,male
Derick,male
Derrick,male
Deshawn,male
Desirae,female
Desire,female
Desiree,female
Desmond,male
Despina,female
Dessie,female
Destiny,female
Detra,female
Devin,male
Devin,male
Devon,male
Devon,male
Devona,female
Devora,female
Devorah,female
Dewayne,male
Dewey,male
Dewitt,male
Dexter,male
Dia,female
Diamond,female
Dian,female
Diana,female
Diane,female
Diann,female
Dianna,female
Dianne,female
Dick,male
Diedra,female
Diedre,female
Diego,male
Dierdre,female
Digna,female
Dillon,male
Dimple,female
Dina,female
Dinah,female
Dino,male
Dinorah,female
Dion,male
Dion,male
Dione,female
Dionna,female
Dionne,female
Dirk,male
Divina,female
Dixie,female
Dodie,female
Dollie,female
Dolly,female
Dolores,female
Doloris,female
Domenic,male
Domenica,female
Dominga,female
Domingo,male
Dominic,male
Dominica,female
Dominick,male
Dominique,male
Dominique,female
Dominque,female
Domitila,female
Domonique,female
Don,male
Dona,female
Donald,male
Donald,male
Donella,female
Donetta,female
Donette,female
Dong,male
Dong,male
Donita,female
Donn,male
Donna,female
Donnell,male
Donnetta,female
Donnette,female
Donnie,female
Donnie,male
Donny,male
Donovan,male
Donte,male
Donya,female
Dora,female
Dorathy,female
Dorcas,female
Doreatha,female
Doreen,female
Dorene,female
Doretha,female
Dorethea,female
Doretta,female
Dori,female
Doria,female
Dorian,male
Dorian,male
Dorie,female
Dorinda,female
Dorine,female
Doris,female
Dorla,female
Dorotha,female
Dorothea,female
Dorothy,female
Dorris,female
Dorsey,female
Dortha,female
Dorthea,female
Dorthey,female
Dorthy,female
Dot,female
Dottie,female
Dotty,female
Doug,male
Douglas,male
Douglass,male
Dovie,female
Doyle,male
Dreama,female
Drema,female
Drew,male
Drew,male
Drucilla,female
Drusilla,female
Duane,male
Dudley,male
Dulce,female
Dulcie,female
Duncan,male
Dung,male
Dusti,female
Dustin,male
Dusty,female
Dusty,female
Dwain,male
Dwana,female
Dwayne,male
Dwight,male
Dyan,male
Dylan,male
Earl,male
Earle,male
Earlean,female
Earleen,female
Earlene,female
Earlie,female
Earline,female
Earnest,male
Earnestine,female
Eartha,female
Easter,female
Eboni,female
Ebonie,female
Ebony,female
Echo,male
Ed,male
Eda,female
Edda,female
Eddie,male
Eddie,female
Eddy,male
Edelmira,female
Eden,male
Edgar,male
Edgardo,male
Edie,female
Edison,male
Edith,female
Edmond,male
Edmund,male
Edmundo,male
Edna,female
Edra,female
Edris,male
Eduardo,male
Edward,male
Edward,male
Edwardo,male
Edwin,male
Edwina,female
Edyth,female
Edythe,female
Effie,female
Efrain,male
Efren,male
Ehtel,female
Eileen,female
Eilene,female
Ela,female
Eladia,female
Elaina,female
Elaine,female
Elana,female
Elane,female
Elanor,female
Elayne,female
Elba,female
Elbert,male
Elda,female
Elden,male
Eldon,male
Eldora,female
Eldridge,male
Eleanor,female
Eleanora,female
Eleanore,female
Elease,female
Elena,female
Elene,female
Eleni,female
Elenor,female
Elenora,female
Elenore,female
Eleonor,female
Eleonora,female
Eleonore,female
Elfreda,female
Elfrieda,female
Elfriede,female
Eli,male
Elia,female
Eliana,female
Elias,male
Elicia,female
Elida,female
Elidia,female
Elijah,male
Elin,female
Elina,female
Elinor,female
Elinore,female
Elisa,female
Elisabeth,female
Elise,female
Eliseo,male
Elisha,female
Elisha,female
Elissa,female
Eliz,male
Eliza,female
Elizabet,female
Elizabeth,female
Elizbeth,female
Elizebeth,female
Elke,male
Ella,female
Ellamae,female
Ellan,male
Ellen,male
Ellena,female
Elli,female
Ellie,female
Elliot,male
Elliott,male
Ellis,female
Ellis,female
Ellsworth,female
Elly,female
Ellyn,female
Elma,female
Elmer,male
Elmer,male
Elmira,female
Elmo,male
Elna,female
Elnora,female
Elodia,female
Elois,female
Eloisa,female
Eloise,female
Elouise,female
Eloy,male
Elroy,male
Elsa,female
Else,female
Elsie,female
Elsy,female
Elton,male
Elva,female
Elvera,female
Elvia,female
Elvie,female
Elvin,male
Elvina,female
Elvira,female
Elvis,male
Elwanda,female
Elwood,male
Elyse,female
Elza,female
Ema,female
Emanuel,male
Emelda,female
Emelia,female
Emelina,female
Emeline,female
Emely,female
Emerald,female
Emerita,female
Emerson,male
Emery,female
Emiko,male
Emil,male
Emile,female
Emilee,female
Emilia,female
Emilie,female
Emilio,male
Emily,female
Emma,female
Emmaline,female
Emmanuel,male
Emmett,male
Emmie,female
Emmitt,male
Emmy,female
Emogene,female
Emory,male
Ena,female
Enda,female
Enedina,female
Eneida,female
Enid,male
Enoch,male
Enola,female
Enrique,male
Enriqueta,female
Epifania,female
Era,female
Erasmo,male
Eric,male
Eric,male
Erica,female
Erich,male
Erick,male
Ericka,female
Erik,male
Erika,female
Erin,male
Erin,female
Erinn,male
Erlene,female
Erlinda,female
Erline,female
Erma,female
Ermelinda,female
Erminia,female
Erna,female
Ernest,male
Ernestina,female
Ernestine,male
Ernesto,male
Ernie,male
Errol,male
Ervin,male
Erwin,male
Eryn,female
Esmeralda,female
Esperanza,female
Essie,female
Esta,female
Esteban,male
Estefana,female
Estela,female
Estell,female
Estella,female
Estelle,female
Ester,female
Esther,female
Estrella,female
Etha,female
Ethan,male
Ethel,female
Ethelene,female
Ethelyn,female
Ethyl,female
Etsuko,male
Etta,female
Ettie,female
Eufemia,female
Eugena,female
Eugene,male
Eugene,male
Eugenia,female
Eugenie,female
Eugenio,male
Eula,female
Eulah,female
Eulalia,female
Eun,female
Euna,female
Eunice,female
Eura,female
Eusebia,female
Eusebio,male
Eustolia,female
Eva,female
Evalyn,female
Evan,male
Evan,male
Evangelina,female
Evangeline,female
Eve,female
Evelia,female
Evelin,female
Evelina,female
Eveline,female
Evelyn,female
Evelyne,female
Evelynn,female
Everett,male
Everette,female
Evette,female
Evia,female
Evie,female
Evita,female
Evon,male
Evonne,female
Ewa,female
Exie,female
Ezekiel,male
Ezequiel,male
Ezra,female
Fabian,male
Fabiola,female
Fae,female
Fairy,female
Faith,female
Fallon,male
Fannie,female
Fanny,female
Farah,female
Farrah,female
Fatima,female
Fatimah,female
Faustina,female
Faustino,male
Fausto,male
Faviola,female
Fawn,female
Fay,female
Faye,female
Fe,male
Federico,male
Felecia,female
Felica,female
Felice,female
Felicia,female
Felicidad,male
Felicita,female
Felicitas,male
Felipa,female
Felipe,male
Felisa,female
Felisha,female
Felix,male
Felton,male
Ferdinand,male
Fermin,male
Fermina,female
Fern,male
Fernanda,female
Fernande,male
Fernando,male
Ferne,male
Fidel,male
Fidela,female
Fidelia,female
Filiberto,male
Filomena,female
Fiona,female
Flavia,female
Fleta,female
Fletcher,male
Flo,female
Flor,female
Flora,female
Florance,male
Florence,male
Florencia,female
Florencio,male
Florene,female
Florentina,female
Florentino,male
Floretta,female
Floria,female
Florida,female
Florinda,female
Florine,female
Florrie,female
Flossie,female
Floy,female
Floyd,male
Fonda,female
Forest,male
Forrest,male
Foster,male
Fran,female
France,male
Francene,female
Frances,male
Frances,female
Francesca,female
Francesco,male
Franchesca,female
Francie,female
Francina,female
Francine,female
Francis,male
Francis,female
Francisca,female
Francisco,male
Francisco,male
Francoise,female
Frank,male
Frank,female
Frankie,male
Frankie,female
Franklin,male
Franklyn,male
Fransisca,female
Fred,male
Fred,male
Freda,female
Fredda,female
Freddie,female
Freddie,male
Freddy,male
Frederic,male
Frederica,female
Frederick,male
Fredericka,female
Fredia,female
Fredric,male
Fredrick,male
Fredricka,female
Freeda,female
Freeman,male
Freida,female
Frida,female
Frieda,female
Fritz,male
Fumiko,male
Gabriel,male
Gabriel,male
Gabriela,female
Gabriele,female
Gabriella,female
Gabrielle,female
Gail,female
Gail,female
Gala,female
Gale,male
Gale,female
Galen,male
Galina,female
Garfield,male
Garland,male
Garnet,male
Garnett,male
Garret,male
Garrett,male
Garry,male
Garth,male
Gary,male
Gary,male
Gaston,male
Gavin,male
Gay,male
Gaye,female
Gayla,female
Gayle,female
Gayle,female
Gaylene,female
Gaylord,male
Gaynell,male
Gaynelle,female
Gearldine,female
Gema,female
Gemma,female
Gena,female
Genaro,male
Gene,male
Gene,female
Genesis,female
Geneva,female
Genevie,female
Genevieve,female
Genevive,female
Genia,female
Genie,female
Genna,female
Gennie,female
Genny,female
Genoveva,female
Geoffrey,male
Georgann,female
George,male
George,male
Georgeann,female
Georgeanna,female
Georgene,female
Georgetta,female
Georgette,female
Georgia,female
Georgiana,female
Georgiann,female
Georgianna,female
Georgianne,female
Georgie,female
Georgina,female
Georgine,female
Gerald,male
Gerald,male
Geraldine,female
Geraldo,male
Geralyn,female
Gerard,male
Gerardo,male
Gerda,female
Geri,female
Germaine,female
German,male
Gerri,female
Gerry,male
Gerry,male
Gertha,female
Gertie,female
Gertrud,female
Gertrude,female
Gertrudis,female
Gertude,female
Ghislaine,female
Gia,female
Gianna,female
Gidget,female
Gigi,female
Gil,male
Gilbert,male
Gilberte,male
Gilberto,male
Gilda,female
Gillian,male
Gilma,female
Gina,female
Ginette,female
Ginger,female
Ginny,female
Gino,male
Giovanna,female
Giovanni,male
Gisela,female
Gisele,female
Giselle,female
Gita,female
Giuseppe,male
Giuseppina,female
Gladis,female
Glady,female
Gladys,female
Glayds,female
Glen,male
Glenda,female
Glendora,female
Glenn,male
Glenn,male
Glenna,female
Glennie,female
Glennis,female
Glinda,female
Gloria,female
Glory,female
Glynda,female
Glynis,female
Golda,female
Golden,female
Goldie,female
Gonzalo,male
Gordon,male
Grace,female
Gracia,female
Gracie,female
Graciela,female
Grady,female
Graham,male
Graig,male
Grant,male
Granville,male
Grayce,female
Grazyna,female
Greg,male
Gregg,male
Gregoria,female
Gregorio,male
Gregory,male
Gregory,male
Greta,female
Gretchen,female
Gretta,female
Gricelda,female
Grisel,female
Griselda,female
Grover,male
Guadalupe,male
Guadalupe,male
Gudrun,male
Guillermina,female
Guillermo,male
Gus,male
Gussie,female
Gustavo,male
Guy,male
Gwen,female
Gwenda,female
Gwendolyn,female
Gwenn,female
Gwyn,female
Gwyneth,female
Ha,male
Hae,female
Hai,female
Hailey,female
Hal,male
Haley,female
Halina,female
Halley,female
Hallie,female
Han,male
Hana,female
Hang,male
Hanh,male
Hank,male
Hanna,female
Hannah,female
Hannelore,female
Hans,male
Harlan,male
Harland,male
Harley,male
Harmony,female
Harold,male
Harold,male
Harriet,female
Harriett,female
Harriette,female
Harris,male
Harrison,male
Harry,male
Harvey,male
Hassan,male
Hassie,female
Hattie,female
Haydee,female
Hayden,male
Hayley,female
Haywood,male
Hazel,female
Heath,male
Heather,female
Hector,male
Hedwig,male
Hedy,female
Hee,female
Heide,female
Heidi,female
Heidy,female
Heike,female
Helaine,female
Helen,female
Helena,female
Helene,female
Helga,female
Hellen,female
Henrietta,female
Henriette,female
Henry,male
Henry,male
Herb,male
Herbert,male
Heriberto,male
Herlinda,female
Herma,female
Herman,male
Hermelinda,female
Hermila,female
Hermina,female
Hermine,female
Herminia,female
Herschel,male
Hershel,male
Herta,female
Hertha,female
Hester,male
Hettie,female
Hiedi,female
Hien,male
Hilaria,female
Hilario,male
Hilary,female
Hilda,female
Hilde,female
Hildegard,male
Hildegarde,female
Hildred,female
Hillary,female
Hilma,female
Hilton,male
Hipolito,male
Hiram,male
Hiroko,male
Hisako,male
Hoa,male
Hobert,male
Holley,female
Holli,female
Hollie,female
Hollis,male
Hollis,male
Holly,female
Homer,male
Honey,female
Hong,male
Hong,male
Hope,female
Horace,male
Horacio,male
Hortencia,female
Hortense,male
Hortensia,female
Hosea,male
Houston,male
Howard,male
Hoyt,male
Hsiu,male
Hubert,male
Hue,male
Huey,male
Hugh,male
Hugo,male
Hui,female
Hulda,female
Humberto,male
Hung,male
Hunter,male
Huong,male
Hwa,female
Hyacinth,female
Hye,female
Hyman,male
Hyo,female
Hyon,male
Hyun,female
Ian,male
Ida,female
Idalia,female
Idell,female
Idella,female
Iesha,female
Ignacia,female
Ignacio,male
Ike,male
Ila,female
Ilana,female
Ilda,female
Ileana,female
Ileen,female
Ilene,female
Iliana,female
Illa,female
Ilona,female
Ilse,female
Iluminada,female
Ima,female
Imelda,female
Imogene,female
In,male
Ina,female
India,female
Indira,female
Inell,male
Ines,male
Inez,male
Inga,female
Inge,female
Ingeborg,male
Inger,male
Ingrid,female
Inocencia,female
Iola,female
Iona,female
Ione,male
Ira,male
Ira,male
Iraida,female
Irena,female
Irene,female
Irina,female
Iris,female
Irish,male
Irma,male
Irmgard,male
Irvin,male
Irving,male
Irwin,male
Isa,female
Isaac,male
Isabel,female
Isabell,female
Isabella,female
Isabelle,female
Isadora,female
Isaiah,male
Isaias,male
Isaura,female
Isela,female
Isiah,male
Isidra,female
Isidro,male
Isis,female
Ismael,male
Isobel,female
Israel,male
Isreal,male
Issac,male
Iva,female
Ivan,male
Ivana,female
Ivelisse,female
Ivette,female
Ivey,female
Ivonne,female
Ivory,female
Ivory,female
Ivy,female
Izetta,female
Izola,female
Ja,female
Jacalyn,female
Jacelyn,female
Jacinda,female
Jacinta,female
Jacinto,male
Jack,male
Jack,male
Jackeline,female
Jackelyn,female
Jacki,female
Jackie,female
Jackie,female
Jacklyn,female
Jackqueline,female
Jackson,male
Jaclyn,female
Jacob,male
Jacqualine,female
Jacque,female
Jacquelin,female
Jacqueline,female
Jacquelyn,female
Jacquelyne,female
Jacquelynn,female
Jacques,male
Jacquetta,female
Jacqui,female
Jacquie,female
Jacquiline,female
Jacquline,female
Jacqulyn,female
Jada,female
Jade,female
Jadwiga,female
Jae,male
Jae,female
Jaime,male
Jaime,female
Jaimee,male
Jaimie,female
Jake,male
Jaleesa,female
Jalisa,female
Jama,female
Jamaal,male
Jamal,male
Jamar,male
Jame,female
Jame,female
Jamee,female
Jamel,male
James,male
James,male
Jamey,male
Jamey,female
Jami,female
Jamie,male
Jamie,female
Jamika,female
Jamila,female
Jamison,male
Jammie,female
Jan,female
Jan,female
Jana,female
Janae,female
Janay,female
Jane,female
Janean,female
Janee,female
Janeen,female
Janel,female
Janell,female
Janella,female
Janelle,female
Janene,female
Janessa,female
Janet,female
Janeth,female
Janett,female
Janetta,female
Janette,female
Janey,female
Jani,female
Janice,female
Janie,female
Janiece,female
Janina,female
Janine,female
Janis,female
Janise,female
Janita,female
Jann,female
Janna,female
Jannet,female
Jannette,female
Jannie,female
January,female
Janyce,female
Jaqueline,female
Jaquelyn,female
Jared,male
Jarod,male
Jarred,male
Jarrett,male
Jarrod,male
Jarvis,male
Jasmin,female
Jasmine,female
Jason,male
Jason,male
Jasper,male
Jaunita,female
Javier,male
Jay,male
Jay,male
Jaye,female
Jayme,female
Jaymie,female
Jayna,female
Jayne,female
Jayson,male
Jazmin,female
Jazmine,female
Jc,male
Jean,male
Jean,female
Jeana,female
Jeane,female
Jeanelle,female
Jeanene,female
Jeanett,female
Jeanetta,female
Jeanette,female
Jeanice,female
Jeanie,female
Jeanine,female
Jeanmarie,female
Jeanna,female
Jeanne,female
Jeannetta,female
Jeannette,female
Jeannie,female
Jeannine,female
Jed,male
Jeff,male
Jefferey,male
Jefferson,male
Jeffery,male
Jeffie,female
Jeffrey,male
Jeffrey,male
Jeffry,male
Jen,female
Jena,female
Jenae,female
Jene,female
Jenee,female
Jenell,female
Jenelle,female
Jenette,female
Jeneva,female
Jeni,female
Jenice,female
Jenifer,female
Jeniffer,female
Jenine,female
Jenise,female
Jenna,female
Jennefer,female
Jennell,male
Jennette,female
Jenni,female
Jennie,female
Jennifer,female
Jenniffer,female
Jennine,female
Jenny,female
Jerald,male
Jeraldine,female
Jeramy,male
Jere,female
Jeremiah,male
Jeremy,male
Jeremy,male
Jeri,female
Jerica,female
Jerilyn,female
Jerlene,female
Jermaine,female
Jerold,male
Jerome,male
Jeromy,male
Jerrell,male
Jerri,female
Jerrica,female
Jerrie,female
Jerrod,male
Jerrold,male
Jerry,male
Jerry,male
Jesenia,female
Jesica,female
Jess,male
Jesse,male
Jesse,female
Jessenia,female
Jessi,female
Jessia,female
Jessica,female
Jessie,male
Jessie,female
Jessika,female
Jestine,female
Jesus,male
Jesus,male
Jesusa,female
Jesusita,female
Jetta,female
Jettie,female
Jewel,female
Jewel,female
Jewell,female
Jewell,female
Ji,female
Jill,female
Jillian,female
Jim,male
Jimmie,female
Jimmie,male
Jimmy,male
Jimmy,male
Jin,male
Jina,female
Jinny,female
Jo,male
Joan,female
Joan,female
Joana,female
Joane,female
Joanie,female
Joann,female
Joanna,female
Joanne,female
Joannie,female
Joaquin,male
Joaquina,female
Jocelyn,female
Jodee,female
Jodi,female
Jodie,male
Jody,male
Jody,male
Joe,male
Joe,male
Joeann,female
Joel,male
Joel,male
Joella,female
Joelle,female
Joellen,female
Joesph,female
Joetta,female
Joette,female
Joey,male
Joey,male
Johana,female
Johanna,female
Johanne,female
John,male
John,male
Johna,female
Johnathan,male
Johnathon,male
Johnetta,female
Johnette,female
Johnie,male
Johnie,female
Johnna,female
Johnnie,female
Johnnie,female
Johnny,male
Johnny,male
Johnsie,female
Johnson,male
Joi,female
Joie,female
Jolanda,female
Joleen,female
Jolene,female
Jolie,female
Joline,female
Jolyn,female
Jolynn,female
Jon,male
Jon,male
Jona,female
Jonah,male
Jonas,male
Jonathan,male
Jonathon,male
Jone,male
Jonell,female
Jonelle,female
Jong,male
Joni,female
Jonie,female
Jonna,female
Jonnie,female
Jordan,male
Jordan,male
Jordon,male
Jorge,male
Jose,male
Jose,male
Josef,male
Josefa,female
Josefina,female
Josefine,female
Joselyn,female
Joseph,male
Joseph,male
Josephina,female
Josephine,female
Josette,female
Josh,male
Joshua,male
Joshua,male
Josiah,male
Josie,female
Joslyn,female
Jospeh,male
Josphine,female
Josue,female
Jovan,male
Jovita,female
Joy,female
Joya,female
Joyce,female
Joycelyn,female
Joye,female
Juan,male
Juan,male
Juana,female
Juanita,female
Jude,male
Jude,male
Judi,female
Judie,female
Judith,female
Judson,male
Judy,female
Jule,male
Julee,female
Julene,female
Jules,male
Juli,female
Julia,female
Julian,male
Julian,male
Juliana,female
Juliane,female
Juliann,male
Julianna,female
Julianne,female
Julie,female
Julieann,male
Julienne,female
Juliet,female
Julieta,female
Julietta,female
Juliette,female
Julio,male
Julio,male
Julissa,female
Julius,male
June,female
Jung,male
Junie,female
Junior,male
Junita,female
Junko,male
Justa,female
Justin,male
Justin,male
Justina,female
Justine,female
Jutta,female
Ka,male
Kacey,female
Kaci,female
Kacie,female
Kacy,female
Kai,male
Kaila,female
Kaitlin,female
Kaitlyn,female
Kala,female
Kaleigh,female
Kaley,female
Kali,female
Kallie,female
Kalyn,female
Kam,male
Kamala,female
Kami,female
Kamilah,female
Kandace,female
Kandi,female
Kandice,female
Kandis,female
Kandra,female
Kandy,female
Kanesha,female
Kanisha,female
Kara,female
Karan,female
Kareem,male
Kareen,female
Karen,female
Karena,female
Karey,male
Kari,female
Karie,female
Karima,female
Karin,female
Karina,female
Karine,female
Karisa,female
Karissa,female
Karl,male
Karl,male
Karla,female
Karleen,female
Karlene,female
Karly,female
Karlyn,female
Karma,female
Karmen,female
Karol,female
Karole,female
Karoline,female
Karolyn,female
Karon,female
Karren,female
Karri,female
Karrie,female
Karry,male
Kary,male
Karyl,female
Karyn,female
Kasandra,female
Kasey,male
Kasey,female
Kasha,female
Kasi,female
Kasie,female
Kassandra,female
Kassie,female
Kate,female
Katelin,female
Katelyn,female
Katelynn,female
Katerine,female
Kathaleen,female
Katharina,female
Katharine,female
Katharyn,female
Kathe,female
Katheleen,female
Katherin,female
Katherina,female
Katherine,female
Kathern,female
Katheryn,female
Kathey,female
Kathi,female
Kathie,female
Kathleen,female
Kathlene,female
Kathline,female
Kathlyn,female
Kathrin,female
Kathrine,female
Kathryn,female
Kathryne,female
Kathy,female
Kathyrn,female
Kati,female
Katia,female
Katie,female
Katina,female
Katlyn,female
Katrice,female
Katrina,female
Kattie,female
Katy,female
Kay,female
Kayce,female
Kaycee,female
Kaye,female
Kayla,female
Kaylee,female
Kayleen,female
Kayleigh,female
Kaylene,female
Kazuko,male
Kecia,female
Keeley,female
Keely,female
Keena,female
Keenan,male
Keesha,female
Keiko,male
Keila,female
Keira,female
Keisha,female
Keith,male
Keith,male
Keitha,female
Keli,female
Kelle,female
Kellee,female
Kelley,female
Kelley,female
Kelli,female
Kellie,female
Kelly,female
Kelly,male
Kellye,female
Kelsey,female
Kelsi,female
Kelsie,female
Kelvin,male
Kemberly,female
Ken,male
Kena,female
Kenda,female
Kendal,male
Kendall,male
Kendall,male
Kendra,female
Kendrick,male
Keneth,male
Kenia,female
Kenisha,female
Kenna,female
Kenneth,male
Kenneth,male
Kennith,male
Kenny,male
Kent,male
Kenton,male
Kenya,female
Kenyatta,female
Kenyetta,female
Kera,female
Keren,female
Keri,female
Kermit,male
Kerri,female
Kerrie,female
Kerry,male
Kerry,female
Kerstin,female
Kesha,female
Keshia,female
Keturah,female
Keva,female
Keven,male
Kevin,male
Kevin,male
Khadijah,female
Khalilah,female
Kia,male
Kiana,female
Kiara,female
Kiera,female
Kiersten,female
Kiesha,female
Kieth,male
Kiley,male
Kim,male
Kim,female
Kimber,female
Kimberely,female
Kimberlee,female
Kimberley,female
Kimberli,female
Kimberlie,female
Kimberly,female
Kimbery,female
Kimbra,female
Kimi,female
Kimiko,male
Kina,female
Kindra,female
King,male
Kip,male
Kira,female
Kirby,male
Kirby,male
Kirk,male
Kirsten,female
Kirstie,female
Kirstin,female
Kisha,female
Kit,male
Kittie,female
Kitty,female
Kiyoko,male
Kizzie,female
Kizzy,female
Klara,female
Korey,male
Kori,female
Kortney,female
Kory,male
Kourtney,female
Kraig,male
Kris,male
Kris,female
Krishna,female
Krissy,female
Krista,female
Kristal,female
Kristan,male
Kristeen,female
Kristel,female
Kristen,female
Kristi,female
Kristian,female
Kristie,female
Kristin,female
Kristina,female
Kristine,female
Kristle,female
Kristofer,male
Kristopher,male
Kristy,female
Kristyn,female
Krysta,female
Krystal,female
Krysten,female
Krystin,female
Krystina,female
Krystle,female
Krystyna,female
Kum,male
Kurt,male
Kurtis,male
Kyla,female
Kyle,male
Kyle,male
Kylee,female
Kylie,female
Kym,female
Kymberly,female
Kyoko,male
Kyong,male
Kyra,female
Kyung,male
Lacey,female
Lachelle,female
Laci,female
Lacie,female
Lacresha,female
Lacy,male
Lacy,female
Ladawn,female
Ladonna,female
Lady,female
Lael,male
Lahoma,female
Lai,female
Laila,female
Laine,female
Lajuana,female
Lakeesha,female
Lakeisha,female
Lakendra,female
Lakenya,female
Lakesha,female
Lakeshia,female
Lakia,female
Lakiesha,female
Lakisha,female
Lakita,female
Lala,female
Lamar,male
Lamonica,female
Lamont,male
Lan,male
Lana,female
Lance,male
Landon,male
Lane,male
Lane,male
Lanell,male
Lanelle,female
Lanette,female
Lang,male
Lani,female
Lanie,female
Lanita,female
Lannie,female
Lanny,male
Lanora,female
Laquanda,female
Laquita,female
Lara,female
Larae,female
Laraine,female
Laree,female
Larhonda,female
Larisa,female
Larissa,female
Larita,female
Laronda,female
Larraine,female
Larry,male
Larry,male
Larue,female
Lasandra,female
Lashanda,female
Lashandra,female
Lashaun,male
Lashaunda,female
Lashawn,male
Lashawna,female
Lashawnda,female
Lashay,male
Lashell,male
Lashon,male
Lashonda,female
Lashunda,female
Lasonya,female
Latanya,female
Latarsha,female
Latasha,female
Latashia,female
Latesha,female
Latia,female
Laticia,female
Latina,female
Latisha,female
Latonia,female
Latonya,female
Latoria,female
Latosha,female
Latoya,female
Latoyia,female
Latrice,female
Latricia,female
Latrina,female
Latrisha,female
Launa,female
Laura,female
Lauralee,female
Lauran,female
Laure,female
Laureen,female
Laurel,female
Lauren,female
Lauren,female
Laurena,female
Laurence,female
Laurence,female
Laurene,female
Lauretta,female
Laurette,female
Lauri,female
Laurice,female
Laurie,female
Laurinda,female
Laurine,female
Lauryn,female
Lavada,female
Lavelle,female
Lavenia,female
Lavera,female
Lavern,male
Lavern,female
Laverna,female
Laverne,male
Laverne,female
Laveta,female
Lavette,female
Lavina,female
Lavinia,female
Lavon,male
Lavona,female
Lavonda,female
Lavone,male
Lavonia,female
Lavonna,female
Lavonne,female
Lawana,female
Lawanda,female
Lawanna,female
Lawerence,male
Lawrence,male
Lawrence,male
Layla,female
Layne,male
Lazaro,male
Le,male
Lea,female
Leah,female
Lean,male
Leana,female
Leandra,female
Leandro,male
Leann,female
Leanna,female
Leanne,female
Leanora,female
Leatha,female
Leatrice,female
Lecia,female
Leda,female
Lee,male
Lee,male
Leeann,female
Leeanna,female
Leeanne,female
Leena,female
Leesa,female
Leia,female
Leida,female
Leif,male
Leigh,male
Leigh,female
Leigha,female
Leighann,female
Leila,female
Leilani,female
Leisa,female
Leisha,female
Lekisha,female
Lela,female
Lelah,female
Leland,female
Lelia,female
Lemuel,male
Len,male
Lena,female
Lenard,male
Lenita,female
Lenna,female
Lennie,female
Lenny,male
Lenora,female
Lenore,female
Leo,male
Leo,male
Leola,female
Leoma,female
Leon,male
Leon,male
Leona,female
Leonard,male
Leonarda,female
Leonardo,male
Leone,female
Leonel,male
Leonia,female
Leonida,female
Leonie,female
Leonila,female
Leonor,female
Leonora,female
Leonore,female
Leontine,female
Leopoldo,male
Leora,female
Leota,female
Lera,female
Leroy,male
Les,male
Lesa,female
Lesha,female
Lesia,female
Leslee,female
Lesley,female
Lesley,female
Lesli,female
Leslie,male
Leslie,female
Lessie,female
Lester,male
Lester,male
Leta,female
Letha,female
Leticia,female
Letisha,female
Letitia,female
Lettie,female
Letty,female
Levi,male
Lewis,male
Lewis,male
Lexie,female
Lezlie,female
Li,male
Lia,female
Liana,female
Liane,female
Lianne,female
Libbie,female
Libby,female
Liberty,female
Librada,female
Lida,female
Lidia,female
Lien,female
Lieselotte,female
Ligia,female
Lila,female
Lili,female
Lilia,female
Lilian,female
Liliana,female
Lilla,female
Lilli,female
Lillia,female
Lilliam,male
Lillian,male
Lilliana,female
Lillie,female
Lilly,female
Lily,female
Lin,male
Lina,female
Lincoln,male
Linda,female
Lindsay,female
Lindsay,female
Lindsey,female
Lindsey,female
Lindsy,female
Lindy,female
Linette,female
Ling,male
Linh,male
Linn,male
Linnea,female
Linnie,male
Lino,male
Linsey,female
Linwood,male
Lionel,male
Lisa,female
Lisabeth,female
Lisandra,female
Lisbeth,female
Lise,female
Lisette,female
Lisha,female
Lissa,female
Lissette,female
Lita,female
Livia,female
Liz,female
Liza,female
Lizabeth,female
Lizbeth,female
Lizeth,female
Lizette,female
Lizzette,female
Lizzie,female
Lloyd,male
Loan,male
Logan,male
Logan,male
Loida,female
Lois,male
Loise,female
Lola,female
Lolita,female
Loma,female
Lon,male
Lona,female
Londa,female
Long,male
Loni,female
Lonna,female
Lonnie,female
Lonnie,male
Lonny,male
Lora,female
Loraine,female
Loralee,female
Lore,female
Lorean,female
Loree,female
Loreen,female
Lorelei,female
Loren,male
Loren,female
Lorena,female
Lorene,female
Lorenza,female
Lorenzo,male
Loreta,female
Loretta,female
Lorette,female
Lori,female
Loria,female
Loriann,female
Lorie,female
Lorilee,female
Lorina,female
Lorinda,female
Lorine,female
Loris,female
Lorita,female
Lorna,female
Lorraine,female
Lorretta,female
Lorri,female
Lorriane,female
Lorrie,female
Lorrine,female
Lory,female
Lottie,female
Lou,male
Lou,male
Louann,female
Louanne,female
Louella,female
Louetta,female
Louie,male
Louie,female
Louis,male
Louis,male
Louisa,female
Louise,female
Loura,female
Lourdes,female
Lourie,female
Louvenia,female
Love,female
Lovella,female
Lovetta,female
Lovie,female
Lowell,male
Loyce,male
Loyd,male
Lu,female
Luana,female
Luann,female
Luanna,female
Luanne,female
Luba,female
Lucas,male
Luci,female
Lucia,female
Luciana,female
Luciano,male
Lucie,female
Lucien,female
Lucienne,female
Lucila,female
Lucile,female
Lucilla,female
Lucille,female
Lucina,female
Lucinda,female
Lucio,male
Lucius,male
Lucrecia,female
Lucretia,female
Lucy,female
Ludie,female
Ludivina,female
Lue,female
Luella,female
Luetta,female
Luigi,female
Luis,male
Luis,male
Luisa,female
Luise,female
Luke,male
Lula,female
Lulu,female
Luna,female
Lupe,male
Lupe,female
Lupita,female
Lura,female
Lurlene,female
Lurline,female
Luther,female
Luvenia,female
Luz,male
Lyda,female
Lydia,female
Lyla,female
Lyle,male
Lyman,male
Lyn,female
Lynda,female
Lyndia,female
Lyndon,male
Lyndsay,female
Lyndsey,female
Lynell,male
Lynelle,female
Lynetta,female
Lynette,female
Lynn,female
Lynn,female
Lynna,female
Lynne,female
Lynnette,female
Lynsey,female
Lynwood,male
Ma,female
Mabel,female
Mabelle,female
Mable,female
Mac,male
Machelle,female
Macie,female
Mack,male
Mackenzie,female
Macy,female
Madalene,female
Madaline,female
Madalyn,female
Maddie,female
Madelaine,female
Madeleine,female
Madelene,female
Madeline,female
Madelyn,female
Madge,female
Madie,female
Madison,female
Madlyn,female
Madonna,female
Mae,female
Maegan,female
Mafalda,female
Magali,female
Magaly,female
Magan,female
Magaret,female
Magda,female
Magdalen,female
Magdalena,female
Magdalene,female
Magen,female
Maggie,female
Magnolia,female
Mahalia,female
Mai,female
Maia,female
Maida,female
Maile,female
Maira,female
Maire,female
Maisha,female
Maisie,female
Major,male
Majorie,female
Makeda,female
Malcolm,male
Malcom,male
Malena,female
Malia,female
Malik,male
Malika,female
Malinda,female
Malisa,female
Malissa,female
Malka,female
Mallie,female
Mallory,female
Malorie,female
Malvina,female
Mamie,female
Mammie,female
Man,male
Man,male
Mana,female
Manda,female
Mandi,female
Mandie,female
Mandy,female
Manie,female
Manual,male
Manuel,male
Manuela,female
Many,male
Mao,female
Maple,female
Mara,female
Maragaret,female
Maragret,female
Maranda,female
Marc,male
Marcel,male
Marcela,female
Marcelene,female
Marcelina,female
Marceline,female
Marcelino,male
Marcell,male
Marcella,female
Marcelle,male
Marcellus,male
Marcelo,male
Marcene,female
Marchelle,female
Marci,female
Marcia,female
Marcie,female
Marco,male
Marcos,male
Marcus,male
Marcy,female
Mardell,male
Maren,female
Marg,female
Margaret,female
Margareta,female
Margarete,female
Margarett,female
Margaretta,female
Margarette,female
Margarita,female
Margarite,female
Margarito,male
Margart,female
Marge,female
Margene,female
Margeret,female
Margert,male
Margery,female
Marget,female
Margherita,female
Margie,female
Margit,female
Margo,female
Margorie,female
Margot,male
Margret,female
Margrett,female
Marguerita,female
Marguerite,female
Margurite,female
Margy,female
Marhta,female
Mari,female
Maria,female
Maria,female
Mariah,female
Mariam,female
Marian,female
Mariana,female
Marianela,female
Mariann,female
Marianna,female
Marianne,female
Mariano,male
Maribel,female
Maribeth,female
Marica,female
Maricela,female
Maricruz,male
Marie,female
Mariel,female
Mariela,female
Mariella,female
Marielle,female
Marietta,female
Mariette,female
Mariko,male
Marilee,female
Marilou,female
Marilu,female
Marilyn,female
Marilynn,female
Marin,male
Marina,female
Marinda,female
Marine,female
Mario,male
Mario,male
Marion,male
Marion,male
Maris,male
Marisa,female
Marisela,female
Marisha,female
Marisol,female
Marissa,female
Marita,female
Maritza,female
Marivel,male
Marjorie,female
Marjory,female
Mark,male
Mark,male
Marketta,female
Markita,female
Markus,male
Marla,female
Marlana,female
Marleen,female
Marlen,male
Marlena,female
Marlene,female
Marlin,male
Marlin,male
Marline,female
Marlo,male
Marlon,male
Marlyn,female
Marlys,female
Marna,female
Marni,female
Marnie,female
Marquerite,female
Marquetta,female
Marquis,male
Marquita,female
Marquitta,female
Marry,female
Marsha,female
Marshall,male
Marshall,male
Marta,female
Marth,male
Martha,female
Marti,female
Martin,male
Martin,male
Martina,female
Martine,female
Marty,male
Marty,female
Marva,female
Marvel,female
Marvella,female
Marvin,male
Marvis,male
Marx,male
Mary,female
Mary,female
Marya,female
Maryalice,female
Maryam,female
Maryann,female
Maryanna,female
Maryanne,female
Marybelle,female
Marybeth,female
Maryellen,female
Maryetta,female
Maryjane,female
Maryjo,female
Maryland,female
Marylee,female
Marylin,female
Maryln,female
Marylou,female
Marylouise,female
Marylyn,female
Marylynn,female
Maryrose,female
Masako,male
Mason,male
Matha,female
Mathew,male
Mathilda,female
Mathilde,female
Matilda,female
Matilde,female
Matt,male
Matthew,male
Matthew,male
Mattie,female
Maud,female
Maude,female
Maudie,female
Maura,female
Maureen,female
Maurice,male
Maurice,male
Mauricio,male
Maurine,female
Maurita,female
Mauro,male
Mavis,male
Max,male
Maxie,female
Maxima,female
Maximina,female
Maximo,male
Maxine,female
Maxwell,male
May,female
Maya,female
Maybell,female
Maybelle,female
Maye,female
Mayme,female
Maynard,male
Mayola,female
Mayra,female
Mazie,female
Mckenzie,female
Mckinley,male
Meagan,female
Meaghan,female
Mechelle,female
Meda,female
Mee,female
Meg,female
Megan,female
Meggan,female
Meghan,female
Meghann,female
Mei,female
Mel,male
Melaine,female
Melani,female
Melania,female
Melanie,female
Melany,female
Melba,female
Melda,female
Melia,female
Melida,female
Melina,female
Melinda,female
Melisa,female
Melissa,female
Melissia,female
Melita,female
Mellie,female
Mellisa,female
Mellissa,female
Melodee,female
Melodi,female
Melodie,female
Melody,female
Melonie,female
Melony,female
Melva,female
Melvin,male
Melvin,male
Melvina,female
Melynda,female
Mendy,female
Mercedes,female
Mercedez,female
Mercy,female
Meredith,female
Meri,female
Merideth,female
Meridith,female
Merilyn,female
Merissa,female
Merle,female
Merle,male
Merlene,female
Merlin,male
Merlyn,female
Merna,female
Merri,female
Merrie,female
Merrilee,female
Merrill,male
Merrill,male
Merry,female
Mertie,female
Mervin,male
Meryl,male
Meta,female
Mi,female
Mia,female
Mica,female
Micaela,female
Micah,male
Micah,male
Micha,female
Michael,male
Michael,male
Michaela,female
Michaele,female
Michal,male
Michal,male
Michale,male
Micheal,male
Micheal,male
Michel,male
Michel,male
Michele,female
Michelina,female
Micheline,female
Michell,male
Michelle,female
Michiko,male
Mickey,male
Mickey,male
Micki,female
Mickie,female
Miesha,female
Migdalia,female
Mignon,male
Miguel,male
Miguelina,female
Mika,female
Mikaela,female
Mike,male
Mike,male
Mikel,male
Miki,female
Mikki,female
Mila,female
Milagro,male
Milagros,male
Milan,male
Milda,female
Mildred,female
Miles,male
Milford,male
Milissa,female
Millard,male
Millicent,male
Millie,female
Milly,female
Milo,male
Milton,male
Mimi,female
Min,male
Mina,female
Minda,female
Mindi,female
Mindy,female
Minerva,female
Ming,male
Minh,male
Minh,male
Minna,female
Minnie,female
Minta,female
Miquel,male
Mira,female
Miranda,female
Mireille,female
Mirella,female
Mireya,female
Miriam,female
Mirian,female
Mirna,female
Mirta,female
Mirtha,female
Misha,female
Miss,female
Missy,female
Misti,female
Mistie,female
Misty,female
Mitch,male
Mitchel,male
Mitchell,male
Mitchell,male
Mitsue,female
Mitsuko,male
Mittie,female
Mitzi,female
Mitzie,female
Miyoko,female
Modesta,female
Modesto,male
Mohamed,male
Mohammad,male
Mohammed,male
Moira,female
Moises,female
Mollie,female
Molly,female
Mona,female
Monet,male
Monica,female
Monika,female
Monique,female
Monnie,female
Monroe,male
Monserrate,female
Monte,male
Monty,male
Moon,female
Mora,female
Morgan,male
Morgan,male
Moriah,male
Morris,male
Morton,male
Mose,male
Moses,male
Moshe,female
Mozell,male
Mozella,female
Mozelle,female
Mui,female
Muoi,female
Muriel,female
Murray,male
My,female
Myesha,female
Myles,male
Myong,male
Myra,female
Myriam,female
Myrl,female
Myrle,female
Myrna,female
Myron,male
Myrta,female
Myrtice,female
Myrtie,female
Myrtis,male
Myrtle,female
Myung,male
Na,female
Nada,female
Nadene,female
Nadia,female
Nadine,female
Naida,female
Nakesha,female
Nakia,female
Nakisha,female
Nakita,female
Nam,male
Nan,male
Nana,female
Nancee,female
Nancey,female
Nanci,female
Nancie,female
Nancy,female
Nanette,female
Nannette,female
Nannie,female
Naoma,female
Naomi,female
Napoleon,female
Narcisa,female
Natacha,female
Natalia,female
Natalie,female
Natalya,female
Natasha,female
Natashia,female
Nathalie,female
Nathan,male
Nathanael,male
Nathanial,male
Nathaniel,male
Natisha,female
Natividad,male
Natosha,female
Neal,male
Necole,female
Ned,male
Neda,female
Nedra,female
Neely,female
Neida,female
Neil,male
Nelda,female
Nelia,female
Nelida,female
Nell,male
Nella,female
Nelle,female
Nellie,female
Nelly,male
Nelson,male
Nena,female
Nenita,female
Neoma,female
Neomi,female
Nereida,female
Nerissa,female
Nery,female
Nestor,male
Neta,female
Nettie,female
Neva,female
Nevada,female
Neville,female
Newton,male
Nga,female
Ngan,male
Ngoc,male
Nguyet,male
Nia,female
Nichelle,female
Nichol,male
Nicholas,male
Nichole,female
Nicholle,female
Nick,male
Nicki,female
Nickie,female
Nickolas,male
Nickole,female
Nicky,male
Nicky,male
Nicol,female
Nicola,female
Nicolas,male
Nicolasa,female
Nicole,female
Nicolette,female
Nicolle,female
Nida,female
Nidia,female
Niesha,female
Nieves,male
Nigel,male
Niki,female
Nikia,female
Nikita,female
Nikki,female
Nikole,female
Nila,female
Nilda,female
Nilsa,female
Nina,female
Ninfa,female
Nisha,female
Nita,female
Noah,male
Noble,male
Nobuko,female
Noe,male
Noel,female
Noel,female
Noelia,female
Noella,female
Noelle,female
Noemi,female
Nohemi,female
Nola,female
Nolan,male
Noma,female
Nona,female
Nora,female
Norah,female
Norbert,male
Norberto,male
Noreen,female
Norene,female
Noriko,male
Norine,female
Norma,female
Norman,male
Norman,male
Normand,male
Norris,male
Nova,female
Novella,female
Nu,female
Nubia,female
Numbers,male
Numbers,male
Nydia,female
Nyla,female
Obdulia,female
Ocie,female
Octavia,female
Octavio,male
Oda,female
Odelia,female
Odell,male
Odell,female
Odessa,female
Odette,female
Odilia,female
Odis,male
Ofelia,female
Ok,male
Ola,female
Olen,male
Olene,female
Oleta,female
Olevia,female
Olga,female
Olimpia,female
Olin,male
Olinda,female
Oliva,female
Olive,female
Oliver,male
Olivia,female
Ollie,female
Ollie,female
Olympia,female
Oma,female
Omar,male
Omega,female
Omer,male
Ona,female
Oneida,female
Onie,female
Onita,female
Opal,female
Ophelia,female
Ora,female
Oralee,female
Oralia,female
Oren,male
Oretha,female
Orlando,male
Orpha,female
Orval,female
Orville,male
Oscar,male
Oscar,male
Ossie,female
Osvaldo,male
Oswaldo,male
Otelia,female
Otha,female
Otha,female
Otilia,female
Otis,male
Otto,female
Ouida,female
Owen,male
Ozell,male
Ozella,female
Ozie,female
Pa,female
Pablo,male
Page,female
Paige,female
Palma,female
Palmer,male
Palmira,female
Pam,female
Pamala,female
Pamela,female
Pamelia,female
Pamella,female
Pamila,female
Pamula,female
Pandora,female
Pansy,female
Paola,female
Paris,female
Paris,female
Parker,male
Parthenia,female
Particia,female
Pasquale,male
Pasty,female
Pat,male
Pat,female
Patience,female
Patria,female
Patrica,female
Patrice,female
Patricia,female
Patricia,female
Patrick,male
Patrick,male
Patrina,female
Patsy,female
Patti,female
Pattie,female
Patty,female
Paul,male
Paul,male
Paula,female
Paulene,female
Pauletta,female
Paulette,female
Paulina,female
Pauline,female
Paulita,female
Paz,male
Pearl,female
Pearle,female
Pearlene,female
Pearlie,female
Pearline,female
Pearly,female
Pedro,male
Peg,female
Peggie,female
Peggy,female
Pei,female
Penelope,female
Penney,female
Penni,female
Pennie,female
Penny,female
Percy,female
Perla,female
Perry,male
Perry,male
Pete,male
Peter,male
Peter,male
Petra,female
Petrina,female
Petronila,female
Phebe,female
Phil,male
Philip,male
Phillip,male
Phillis,female
Philomena,female
Phoebe,female
Phung,male
Phuong,male
Phylicia,female
Phylis,female
Phyliss,female
Phyllis,female
Pia,female
Piedad,female
Pierre,male
Pilar,male
Ping,male
Pinkie,female
Piper,male
Pok,male
Polly,female
Porfirio,male
Porsche,female
Porsha,female
Porter,male
Portia,female
Precious,female
Preston,male
Pricilla,female
Prince,male
Princess,female
Priscila,female
Priscilla,female
Providencia,female
Prudence,female
Pura,female
Qiana,female
Queen,female
Queenie,female
Quentin,male
Quiana,female
Quincy,male
Quinn,male
Quinn,male
Quintin,male
Quinton,male
Quyen,male
Rachael,female
Rachal,female
Racheal,female
Rachel,female
Rachele,female
Rachell,female
Rachelle,female
Racquel,female
Rae,male
Raeann,female
Raelene,female
Rafael,male
Rafaela,female
Raguel,male
Raina,female
Raisa,female
Raleigh,male
Ralph,male
Ramiro,male
Ramon,male
Ramona,female
Ramonita,female
Rana,female
Ranae,female
Randa,female
Randal,male
Randall,male
Randee,female
Randell,male
Randi,female
Randolph,male
Randy,male
Randy,male
Ranee,female
Raphael,male
Raquel,female
Rashad,female
Rasheeda,female
Rashida,female
Raul,male
Raven,female
Ray,male
Ray,male
Raye,female
Rayford,male
Raylene,female
Raymon,male
Raymond,male
Raymond,male
Raymonde,male
Raymundo,male
Rayna,female
Rea,female
Reagan,male
Reanna,female
Reatha,female
Reba,female
Rebbeca,female
Rebbecca,female
Rebeca,female
Rebecca,female
Rebecka,female
Rebekah,female
Reda,female
Reed,male
Reena,female
Refugia,female
Refugio,male
Refugio,male
Regan,male
Regena,female
Regenia,female
Reggie,male
Regina,female
Reginald,male
Regine,female
Reginia,female
Reid,male
Reiko,male
Reina,female
Reinaldo,male
Reita,female
Rema,female
Remedios,male
Remona,female
Rena,female
Renae,female
Renaldo,male
Renata,female
Renate,female
Renato,male
Renay,female
Renda,female
Rene,female
Rene,female
Renea,female
Renee,female
Renetta,female
Renita,female
Renna,female
Ressie,female
Reta,female
Retha,female
Retta,female
Reuben,male
Reva,female
Rex,male
Rey,male
Reyes,male
Reyna,female
Reynalda,female
Reynaldo,male
Rhea,female
Rheba,female
Rhett,male
Rhiannon,female
Rhoda,female
Rhona,female
Rhonda,female
Ria,female
Ricarda,female
Ricardo,male
Rich,male
Richard,male
Richard,male
Richelle,female
Richie,male
Rick,male
Rickey,male
Ricki,male
Rickie,male
Rickie,female
Ricky,male
Rico,female
Rigoberto,male
Rikki,female
Riley,male
Rima,female
Rina,female
Risa,female
Rita,female
Riva,female
Rivka,female
Rob,male
Robbi,female
Robbie,male
Robbie,female
Robbin,female
Robby,male
Robbyn,female
Robena,female
Robert,male
Robert,male
Roberta,female
Roberto,male
Roberto,male
Robin,female
Robin,male
Robt,female
Robyn,female
Rocco,male
Rochel,female
Rochell,female
Rochelle,female
Rocio,female
Rocky,male
Rod,male
Roderick,male
Rodger,male
Rodney,male
Rodolfo,male
Rodrick,male
Rodrigo,male
Rogelio,male
Roger,male
Roland,male
Rolanda,female
Rolande,male
Rolando,male
Rolf,male
Rolland,male
Roma,female
Romaine,female
Roman,male
Romana,female
Romelia,female
Romeo,male
Romona,female
Ron,male
Rona,female
Ronald,male
Ronald,male
Ronda,female
Roni,female
Ronna,female
Ronni,female
Ronnie,female
Ronnie,male
Ronny,male
Roosevelt,male
Rory,male
Rory,female
Rosa,female
Rosalba,female
Rosalee,female
Rosalia,female
Rosalie,female
Rosalina,female
Rosalind,female
Rosalinda,female
Rosaline,female
Rosalva,female
Rosalyn,female
Rosamaria,female
Rosamond,female
Rosana,female
Rosann,female
Rosanna,female
Rosanne,female
Rosaria,female
Rosario,male
Rosario,male
Rosaura,female
Roscoe,male
Rose,female
Roseann,female
Roseanna,female
Roseanne,female
Roselee,female
Roselia,female
Roseline,female
Rosella,female
Roselle,female
Roselyn,female
Rosemarie,female
Rosemary,female
Rosena,female
Rosenda,female
Rosendo,male
Rosetta,female
Rosette,female
Rosia,female
Rosie,female
Rosina,female
Rosio,male
Rosita,female
Roslyn,female
Ross,male
Rossana,female
Rossie,female
Rosy,female
Rowena,female
Roxana,female
Roxane,female
Roxann,female
Roxanna,female
Roxanne,female
Roxie,female
Roxy,female
Roy,male
Roy,male
Royal,female
Royce,male
Royce,male
Rozanne,female
Rozella,female
Ruben,female
Rubi,female
Rubie,female
Rubin,male
Ruby,female
Rubye,female
Rudolf,male
Rudolph,male
Rudy,male
Rudy,male
Rueben,male
Rufina,female
Rufus,male
Rupert,male
Russ,male
Russel,male
Russell,male
Russell,male
Rusty,male
Ruth,female
Rutha,female
Ruthann,female
Ruthanne,female
Ruthe,female
Ruthie,female
Ryan,male
Ryan,male
Ryann,male
Sabina,female
Sabine,female
Sabra,female
Sabrina,female
Sacha,female
Sachiko,male
Sade,female
Sadie,female
Sadye,female
Sage,female
Sal,male
Salena,female
Salina,female
Salley,female
Sallie,female
Sally,female
Salome,female
Salvador,male
Salvatore,male
Sam,male
Sam,female
Samantha,female
Samara,female
Samatha,female
Samella,female
Samira,female
Sammie,female
Sammie,female
Sammy,male
Sammy,female
Samual,male
Samuel,male
Samuel,male
Sana,female
Sanda,female
Sandee,female
Sandi,female
Sandie,female
Sandra,female
Sandy,female
Sandy,female
Sanford,male
Sang,male
Sang,female
Sanjuana,female
Sanjuanita,female
Sanora,female
Santa,male
Santana,female
Santiago,male
Santina,female
Santo,male
Santos,male
Santos,male
Sara,female
Sarah,female
Sarai,female
Saran,female
Sari,female
Sarina,female
Sarita,female
Sasha,female
Saturnina,female
Sau,female
Saul,male
Saundra,female
Savanna,female
Savannah,female
Scarlet,female
Scarlett,female
Scot,male
Scott,male
Scott,male
Scottie,female
Scottie,female
Scotty,male
Sean,male
Sean,male
Season,male
Sebastian,male
Sebrina,female
See,male
Seema,female
Selena,female
Selene,female
Selina,female
Selma,female
Sena,female
Senaida,female
September,female
Serafina,female
Serena,female
Sergio,male
Serina,female
Serita,female
Seth,male
Setsuko,male
Seymour,male
Sha,female
Shad,male
Shae,female
Shaina,female
Shakia,female
Shakira,female
Shakita,female
Shala,female
Shalanda,female
Shalon,male
Shalonda,female
Shameka,female
Shamika,female
Shan,male
Shana,female
Shanae,female
Shanda,female
Shandi,female
Shandra,female
Shane,male
Shane,male
Shaneka,female
Shanel,female
Shanell,female
Shanelle,female
Shani,female
Shanice,female
Shanika,female
Shaniqua,female
Shanita,female
Shanna,female
Shannan,male
Shannon,male
Shannon,female
Shanon,female
Shanta,female
Shantae,female
Shantay,female
Shante,female
Shantel,male
Shantell,male
Shantelle,female
Shanti,female
Shaquana,female
Shaquita,female
Shara,female
Sharan,female
Sharda,female
Sharee,female
Sharell,male
Sharen,female
Shari,female
Sharice,female
Sharie,female
Sharika,female
Sharilyn,female
Sharita,female
Sharla,female
Sharleen,female
Sharlene,female
Sharmaine,female
Sharolyn,female
Sharon,female
Sharonda,female
Sharri,female
Sharron,female
Sharyl,female
Sharyn,female
Shasta,female
Shaun,male
Shaun,male
Shauna,female
Shaunda,female
Shaunna,female
Shaunta,female
Shaunte,female
Shavon,male
Shavonda,female
Shavonne,female
Shawana,female
Shawanda,female
Shawanna,female
Shawn,male
Shawn,male
Shawna,female
Shawnda,female
Shawnee,female
Shawnna,female
Shawnta,female
Shay,male
Shayla,female
Shayna,female
Shayne,female
Shayne,female
Shea,male
Sheba,female
Sheena,female
Sheila,female
Sheilah,female
Shela,female
Shelba,female
Shelby,male
Shelby,male
Sheldon,male
Shelia,female
Shella,female
Shelley,female
Shelli,female
Shellie,female
Shelly,female
Shelton,male
Shemeka,female
Shemika,female
Shena,female
Shenika,female
Shenita,female
Shenna,female
Shera,female
Sheree,female
Sherell,female
Sheri,female
Sherice,female
Sheridan,male
Sherie,female
Sherika,female
Sherill,female
Sherilyn,female
Sherise,female
Sherita,female
Sherlene,female
Sherley,female
Sherly,female
Sherlyn,female
Sherman,male
Sheron,female
Sherrell,male
Sherri,female
Sherrie,female
Sherril,female
Sherrill,female
Sherron,female
Sherry,female
Sherryl,male
Sherwood,male
Shery,female
Sheryl,female
Sheryll,female
Shiela,female
Shila,female
Shiloh,male
Shin,male
Shira,female
Shirely,female
Shirl,female
Shirlee,female
Shirleen,female
Shirlene,female
Shirley,female
Shirley,female
Shirly,female
Shizue,female
Shizuko,male
Shon,female
Shona,female
Shonda,female
Shondra,female
Shonna,female
Shonta,female
Shoshana,female
Shu,male
Shyla,female
Sibyl,female
Sid,male
Sidney,male
Sidney,male
Sierra,female
Signe,female
Sigrid,female
Silas,male
Silva,female
Silvana,female
Silvia,female
Sima,female
Simon,male
Simona,female
Simone,male
Simonne,female
Sina,female
Sindy,female
Siobhan,male
Sirena,female
Siu,female
Sixta,female
Skye,male
Slyvia,female
So,male
Socorro,male
Sofia,female
Soila,female
Sol,male
Sol,male
Solange,female
Soledad,male
Solomon,male
Somer,male
Sommer,female
Son,male
Son,male
Sona,female
Sondra,female
Song,male
Sonia,female
Sonja,female
Sonny,male
Sonya,female
Soo,female
Sook,male
Soon,male
Sophia,female
Sophie,female
Soraya,female
Sparkle,female
Spencer,male
Spring,female
Stacee,female
Stacey,male
Stacey,female
Staci,female
Stacia,female
Stacie,female
Stacy,male
Stacy,female
Stan,male
Stanford,male
Stanley,male
Stanton,male
Star,female
Starla,female
Starr,female
Stasia,female
Stefan,male
Stefani,female
Stefania,female
Stefanie,female
Stefany,female
Steffanie,female
Stella,female
Stepanie,female
Stephaine,female
Stephan,male
Stephane,female
Stephani,female
Stephania,female
Stephanie,female
Stephany,female
Stephen,female
Stephen,female
Stephenie,female
Stephine,female
Stephnie,female
Sterling,male
Steve,male
Steven,male
Steven,male
Stevie,male
Stevie,female
Stewart,male
Stormy,female
Stuart,male
Su,male
Suanne,female
Sudie,female
Sue,female
Sueann,female
Suellen,female
Suk,male
Sulema,female
Sumiko,female
Summer,female
Sun,male
Sunday,female
Sung,male
Sung,female
Sunni,female
Sunny,female
Sunshine,female
Susan,female
Susana,female
Susann,female
Susanna,female
Susannah,female
Susanne,female
Susie,female
Susy,female
Suzan,female
Suzann,female
Suzanna,female
Suzanne,female
Suzette,female
Suzi,female
Suzie,female
Suzy,female
Svetlana,female
Sybil,female
Syble,female
Sydney,male
Sydney,female
Sylvester,male
Sylvia,female
Sylvie,female
Synthia,female
Syreeta,female
Ta,male
Tabatha,female
Tabetha,female
Tabitha,female
Tad,male
Tai,female
Taina,female
Taisha,female
Tajuana,female
Takako,male
Takisha,female
Talia,female
Talisha,female
Talitha,female
Tam,male
Tama,female
Tamala,female
Tamar,male
Tamara,female
Tamatha,female
Tambra,female
Tameika,female
Tameka,female
Tamekia,female
Tamela,female
Tamera,female
Tamesha,female
Tami,female
Tamica,female
Tamie,female
Tamika,female
Tamiko,male
Tamisha,female
Tammara,female
Tammera,female
Tammi,female
Tammie,female
Tammy,female
Tamra,female
Tana,female
Tandra,female
Tandy,male
Taneka,female
Tanesha,female
Tangela,female
Tania,female
Tanika,female
Tanisha,female
Tanja,female
Tanna,female
Tanner,male
Tanya,female
Tara,female
Tarah,female
Taren,male
Tari,female
Tarra,female
Tarsha,female
Taryn,female
Tasha,female
Tashia,female
Tashina,female
Tasia,female
Tatiana,female
Tatum,female
Tatyana,female
Taunya,female
Tawana,female
Tawanda,female
Tawanna,female
Tawna,female
Tawny,female
Tawnya,female
Taylor,male
Taylor,female
Tayna,female
Ted,male
Teddy,male
Teena,female
Tegan,male
Teisha,female
Telma,female
Temeka,female
Temika,female
Tempie,female
Temple,female
Tena,female
Tenesha,female
Tenisha,female
Tennie,female
Tennille,female
Teodora,female
Teodoro,male
Teofila,female
Tequila,female
Tera,female
Tereasa,female
Terence,female
Teresa,female
Terese,female
Teresia,female
Teresita,female
Teressa,female
Teri,female
Terica,female
Terina,female
Terisa,female
Terra,female
Terrance,male
Terrell,female
Terrell,female
Terrence,male
Terresa,female
Terri,female
Terrie,female
Terrilyn,female
Terry,male
Terry,female
Tesha,female
Tess,male
Tessa,female
Tessie,female
Thad,male
Thaddeus,male
Thalia,female
Thanh,male
Thanh,female
Thao,male
Thea,female
Theda,female
Thelma,female
Theo,male
Theo,male
Theodora,female
Theodore,male
Theola,female
Theresa,female
Therese,female
Theresia,female
Theressa,female
Theron,male
Thersa,female
Thi,female
Thomas,male
Thomas,male
Thomasena,female
Thomasina,female
Thomasine,female
Thora,female
Thresa,female
Thu,female
Thurman,male
Thuy,male
Tia,female
Tiana,female
Tianna,female
Tiara,female
Tien,male
Tiera,female
Tierra,female
Tiesha,female
Tifany,female
Tiffaney,female
Tiffani,female
Tiffanie,female
Tiffany,female
Tiffiny,female
Tijuana,female
Tilda,female
Tillie,female
Tim,male
Timika,female
Timmy,male
Timothy,male
Timothy,male
Tina,female
Tinisha,female
Tiny,female
Tisa,female
Tish,female
Tisha,female
Titus,male
Tobi,male
Tobias,male
Tobie,female
Toby,male
Toby,male
Toccara,female
Tod,male
Todd,male
Toi,female
Tom,male
Tomas,male
Tomasa,female
Tomeka,female
Tomi,female
Tomika,female
Tomiko,male
Tommie,female
Tommie,male
Tommy,male
Tommy,male
Tommye,female
Tomoko,male
Tona,female
Tonda,female
Tonette,female
Toney,male
Toni,female
Tonia,female
Tonie,female
Tonisha,female
Tonita,female
Tonja,female
Tony,male
Tony,male
Tonya,female
Tora,female
Tori,female
Torie,female
Torri,female
Torrie,female
Tory,male
Tory,female
Tosha,female
Toshia,female
Toshiko,female
Tova,female
Towanda,female
Toya,female
Tracee,female
Tracey,male
Tracey,female
Traci,female
Tracie,female
Tracy,female
Tracy,male
Tran,male
Trang,male
Travis,male
Travis,male
Treasa,female
Treena,female
Trena,female
Trent,male
Trenton,male
Tresa,female
Tressa,female
Tressie,female
Treva,female
Trevor,male
Trey,male
Tricia,female
Trina,female
Trinh,male
Trinidad,male
Trinidad,male
Trinity,female
Trish,female
Trisha,female
Trista,female
Tristan,male
Tristan,male
Troy,male
Troy,male
Trudi,female
Trudie,female
Trudy,female
Trula,female
Truman,male
Tu,male
Tuan,male
Tula,female
Tuyet,male
Twana,female
Twanda,female
Twanna,female
Twila,female
Twyla,female
Ty,male
Tyesha,female
Tyisha,female
Tyler,male
Tyler,male
Tynisha,female
Tyra,female
Tyree,female
Tyrell,male
Tyron,male
Tyrone,male
Tyson,male
Ula,female
Ulrike,female
Ulysses,male
Un,female
Una,female
Ursula,female
Usha,female
Ute,male
Vada,female
Val,female
Val,female
Valarie,female
Valda,female
Valencia,female
Valene,male
Valentin,male
Valentina,female
Valentine,male
Valentine,male
Valeri,female
Valeria,female
Valerie,female
Valery,female
Vallie,female
Valorie,female
Valrie,female
Van,male
Van,male
Vance,male
Vanda,male
Vanesa,female
Vanessa,female
Vanetta,female
Vania,female
Vanita,female
Vanna,female
Vannesa,female
Vannessa,female
Vashti,female
Vasiliki,female
Vaughn,male
Veda,female
Velda,female
Velia,female
Vella,female
Velma,female
Velva,female
Velvet,female
Vena,female
Venessa,female
Venetta,female
Venice,female
Venita,female
Vennie,female
Venus,female
Veola,female
Vera,female
Verda,female
Verdell,male
Verdie,female
Verena,female
Vergie,female
Verla,female
Verlene,female
Verlie,female
Verline,female
Vern,male
Verna,female
Vernell,female
Vernetta,female
Vernia,female
Vernice,female
Vernie,female
Vernita,female
Vernon,male
Vernon,male
Verona,female
Veronica,female
Veronika,female
Veronique,female
Versie,female
Vertie,female
Vesta,female
Veta,female
Vi,female
Vicenta,female
Vicente,male
Vickey,female
Vicki,female
Vickie,female
Vicky,female
Victor,male
Victor,male
Victoria,female
Victorina,female
Vida,female
Viki,female
Vikki,female
Vilma,female
Vina,female
Vince,male
Vincent,male
Vincenza,female
Vincenzo,male
Vinita,female
Vinnie,female
Viola,female
Violet,female
Violeta,female
Violette,female
Virgen,female
Virgie,female
Virgil,male
Virgil,male
Virgilio,male
Virgina,female
Virginia,female
Vita,female
Vito,male
Viva,female
Vivan,female
Vivian,female
Viviana,female
Vivien,male
Vivienne,female
Von,male
Voncile,male
Vonda,female
Vonnie,female
Wade,male
Wai,female
Waldo,male
Walker,male
Wallace,male
Wally,male
Walter,male
Walter,male
Walton,male
Waltraud,male
Wan,male
Wanda,female
Waneta,female
Wanetta,female
Wanita,female
Ward,male
Warner,male
Warren,male
Wava,female
Waylon,male
Wayne,male
Wei,female
Weldon,male
Wen,male
Wendell,male
Wendi,female
Wendie,female
Wendolyn,female
Wendy,female
Wenona,female
Werner,male
Wes,male
Wesley,male
Wesley,male
Weston,male
Whitley,male
Whitney,female
Whitney,female
Wilber,male
Wilbert,male
Wilbur,male
Wilburn,male
Wilda,female
Wiley,male
Wilford,male
Wilfred,male
Wilfredo,male
Wilhelmina,female
Wilhemina,female
Will,male
Willa,female
Willard,female
Willena,female
Willene,female
Willetta,female
Willette,female
Willia,female
William,male
William,male
Williams,male
Willian,male
Willie,female
Willie,female
Williemae,female
Willis,male
Willodean,female
Willow,male
Willy,female
Wilma,female
Wilmer,male
Wilson,male
Wilton,male
Windy,female
Winford,male
Winfred,male
Winifred,male
Winnie,male
Winnifred,male
Winona,female
Winston,male
Winter,female
Wm,male
Wonda,female
Woodrow,male
Wyatt,male
Wynell,male
Wynona,female
Xavier,male
Xenia,female
Xiao,male
Xiomara,female
Xochitl,female
Xuan,male
Yadira,female
Yaeko,female
Yael,male
Yahaira,female
Yajaira,female
Yan,male
Yang,male
Yanira,female
Yasmin,female
Yasmine,female
Yasuko,male
Yee,male
Yelena,female
Yen,male
Yer,male
Yesenia,female
Yessenia,female
Yetta,female
Yevette,female
Yi,male
Ying,male
Yoko,male
Yolanda,female
Yolande,male
Yolando,male
Yolonda,female
Yon,male
Yong,male
Yong,male
Yoshie,female
Yoshiko,male
Youlanda,female
Young,male
Young,male
Yu,male
Yuette,female
Yuk,male
Yuki,male
Yukiko,male
Yuko,male
Yulanda,female
Yun,male
Yung,male
Yuonne,female
Yuri,male
Yuriko,male
Yvette,female
Yvone,female
Yvonne,female
Zachariah,male
Zachary,male
Zachery,male
Zack,male
Zackary,male
Zada,female
Zaida,female
Zana,female
Zandra,female
Zane,male
Zelda,female
Zella,female
Zelma,female
Zena,female
Zenaida,female
Zenia,female
Zenobia,female
Zetta,female
Zina,female
Zita,female
Zoe,female
Zofia,female
Zoila,female
Zola,female
Zona,female
Zonia,female
Zora,female
Zoraida,female
Zula,female
Zulema,female
Zulma,female